{
  "energyplus_version": "(24, 1, 0)",
  "iterations": 10,
  "warmup_runs": 2,
  "sync_design_day": {
    "no_callback": {
      "times": [
        0.513111350000031,
        0.49935306700001547,
        0.48303903200002196,
        0.4944343469999808,
        0.507929004999994,
        0.5338036039999565,
        0.5400136889999771,
        0.5160141740000199,
        0.5481237199999782,
        0.5638595309999914
      ],
      "mean": 0.5199681518999967,
      "stdev": 0.02573527629338131,
      "min": 0.48303903200002196,
      "max": 0.5638595309999914,
      "median": 0.5145627620000255,
      "event_count_last_run": 0
    },
    "noop_callback": {
      "times": [
        0.5446510549999743,
        0.5336133130000462,
        0.48500759800003834,
        0.4841558100000043,
        0.4954578140000194,
        0.5206172389999892,
        0.5421822169999473,
        0.5011392889999797,
        0.5142019699999878,
        0.505253171999982
      ],
      "mean": 0.5126279476999969,
      "stdev": 0.022261981899479633,
      "min": 0.4841558100000043,
      "max": 0.5446510549999743,
      "median": 0.5097275709999849,
      "event_count_last_run": 0
    },
    "counting_callback": {
      "times": [
        0.5044191920000003,
        0.5534539559999985,
        0.5600231409999878,
        0.5209916640000074,
        0.5285295829999654,
        0.5758184420000134,
        0.5379191999999762,
        0.5103779100000452,
        0.5023497280000129,
        0.5058918920000224
      ],
      "mean": 0.5299774708000029,
      "stdev": 0.025995662327072296,
      "min": 0.5023497280000129,
      "max": 0.5758184420000134,
      "median": 0.5247606234999864,
      "event_count_last_run": 48
    },
    "heavy_callback": {
      "times": [
        0.5176523210000141,
        0.5121956170000317,
        0.5469101540000452,
        0.5253589870000042,
        0.5214032470000234,
        0.5119372910000379,
        0.5480716339999958,
        0.5339453469999853,
        0.5219773659999873,
        0.5312042540000448
      ],
      "mean": 0.5270656218000169,
      "stdev": 0.012905537172500236,
      "min": 0.5119372910000379,
      "max": 0.5480716339999958,
      "median": 0.5236681764999958,
      "event_count_last_run": 48
    }
  },
  "async_design_day": {
    "no_callback": {
      "times": [
        0.5384717200000182,
        0.5340894340000091,
        0.5244509560000097,
        0.5423403170000256,
        0.5257339390000197,
        0.5119063500000038,
        0.5136144030000196,
        0.5129962290000094,
        0.5173389690000363,
        0.5210843199999999
      ],
      "mean": 0.5242026637000151,
      "stdev": 0.01094665987266898,
      "min": 0.5119063500000038,
      "max": 0.5423403170000256,
      "median": 0.5227676380000048
    },
    "sync_callback": {
      "times": [
        0.5673634440000228,
        0.5389396820000343,
        0.5381691640000099,
        0.5156495300000188,
        0.5485876429999621,
        0.550163289000011,
        0.5928408890000014,
        0.5359602489999702,
        0.5075163810000163,
        0.5373273779999863
      ],
      "mean": 0.5432517649000033,
      "stdev": 0.024240204316084424,
      "min": 0.5075163810000163,
      "max": 0.5928408890000014,
      "median": 0.5385544230000221
    },
    "async_callback": {
      "times": [
        0.5228565159999903,
        0.5117915679999783,
        0.5149254460000066,
        0.511732746000007,
        0.5165589039999645,
        0.5087439989999893,
        0.5214375630000063,
        0.5312109760000112,
        0.5296874200000161,
        0.5136158500000079
      ],
      "mean": 0.5182560987999978,
      "stdev": 0.007746823438799259,
      "min": 0.5087439989999893,
      "max": 0.5312109760000112,
      "median": 0.5157421749999855
    }
  },
  "sync_annual": {
    "no_callback": {
      "times": [
        1.0243416350000416,
        0.9995346009999935,
        0.9694258569999761,
        1.0323536870000112,
        1.0101395510000089,
        1.042147837000016,
        1.0827705949999995,
        1.1308660329999611,
        1.037277562999975,
        1.0662801169999625
      ],
      "mean": 1.0395137475999945,
      "stdev": 0.04546026328348345,
      "min": 0.9694258569999761,
      "max": 1.1308660329999611,
      "median": 1.0348156249999931,
      "event_count_last_run": 0
    },
    "noop_callback": {
      "times": [
        0.9761690509999994,
        0.9877335290000246,
        1.1212370239999814,
        1.118414223000002,
        1.0594941640000002,
        1.0504458010000235,
        1.0780826459999844,
        1.0486266469999919,
        1.0424718570000095,
        1.0567299560000265
      ],
      "mean": 1.0539404898000044,
      "stdev": 0.0470353195631446,
      "min": 0.9761690509999994,
      "max": 1.1212370239999814,
      "median": 1.053587878500025,
      "event_count_last_run": 0
    },
    "counting_callback": {
      "times": [
        1.0501327879999849,
        1.1223936559999856,
        1.080198590000009,
        1.0990523560000156,
        1.0902075270000182,
        1.0368048099999783,
        1.0414931479999723,
        1.0139554389999716,
        1.0231379479999987,
        1.1618829970000206
      ],
      "mean": 1.0719259258999956,
      "stdev": 0.047320650053888955,
      "min": 1.0139554389999716,
      "max": 1.1618829970000206,
      "median": 1.065165688999997,
      "event_count_last_run": 46
    },
    "heavy_callback": {
      "times": [
        1.0814493240000047,
        1.1193530500000293,
        1.0810673110000266,
        1.0474833839999746,
        1.0540926920000402,
        1.0306643090000307,
        1.096835088999967,
        1.0706911780000041,
        1.046284356000001,
        1.052509004000001
      ],
      "mean": 1.068042969700008,
      "stdev": 0.02697179541586332,
      "min": 1.0306643090000307,
      "max": 1.1193530500000293,
      "median": 1.0623919350000222,
      "event_count_last_run": 46
    }
  },
  "async_annual": {
    "no_callback": {
      "times": [
        1.0504293389999475,
        1.0712800800000082,
        1.0640857010000104,
        1.0522426429999996,
        1.062294860999998,
        1.0153634839999768,
        1.0409139340000024,
        1.0500435070000549,
        1.0481477199999745,
        1.0480117150000297
      ],
      "mean": 1.0502812984000003,
      "stdev": 0.015262393228151214,
      "min": 1.0153634839999768,
      "max": 1.0712800800000082,
      "median": 1.0502364230000012
    },
    "sync_callback": {
      "times": [
        0.9554165949999742,
        1.0211257330000763,
        1.0608081240000047,
        1.0389664809999886,
        1.0421085229999107,
        1.0229459120000683,
        1.0536638160000393,
        1.1293192439999302,
        1.0273307350000778,
        1.0287894439999263
      ],
      "mean": 1.0380474606999996,
      "stdev": 0.04301500292475083,
      "min": 0.9554165949999742,
      "max": 1.1293192439999302,
      "median": 1.0338779624999574
    },
    "async_callback": {
      "times": [
        1.0141337509999175,
        1.03547735799998,
        1.0442011559999855,
        1.0432512389999147,
        1.0262716389999014,
        1.0971186890000126,
        1.0500264200001084,
        1.0467915699999821,
        1.046299893999958,
        1.0618805010000187
      ],
      "mean": 1.046545221699978,
      "stdev": 0.022124521745193165,
      "min": 1.0141337509999175,
      "max": 1.0971186890000126,
      "median": 1.0452505249999717
    }
  }
}